ID,Project Description,Proposal Type,Proposal Number,Application Date,Grant Date,Last Visible Status,Project Land Requirement (Hectares),Total Cost (Lakhs),Organization Name,EC Consultant,Description,Category,Project Category (Code),Project Category,Project Name,State,Sub District,Village,MoEFCC File,State File,Plot Nos,Shape of Project,Existing Non-Forest Land,Existing Forest Land,Existing Total Land,Additional Non-Forest Land,Additional Forest Land,Additional Total Land,Existing Cost,Expansion Cost,Villages Affected,Project Displaced Families,Project Affected Families,Alternative Site Examined,Alternative Site Description,Government Restriction,Litigation Pending,Violation Involved,Last Submission Date,Project Exemption Reason,Compensatory Afforestation Type,Is Applicable Compensatory Afforestation,Organization Street,Organization City,Organization State,Organization Legal Status,Applicant Designation,Applicant City,Applicant State,Forest Clearance Present Owners,District,Plot Number,KML URLs,Village Code,proposal_url,Employment (Construction),Employment (Operational)
7135445,"An animal carcass incineration plant is a facility specifically designed for the disposal of animal carcasses through incineration. These facilities are often used for the proper disposal of animal remains from farms, slaughterhouses, veterinary clinics, research facilities, and other places where animals may die or need to be euthanized",New,FP/CH/OTHERS/438237/2023,2023-07-27T05:58:19.640+00:00,,DELISTED_BY_SYSTEM,0.4,179.0,CHANDIGARH SMART CITY LIMITED,,Forest clearance form,,,,"Animal Carcass Plant, Chandigarh",CHANDIGARH,Chandigarh,CHANDIGARH,,,,Non - Linear,0.0,0.4,0.4,0.0,0.0,0.0,0.0,0.0,0,0,0,Not applicable as the project or activity is site specific,,NO,NO,NO,2024-02-05T18:30:00.000+00:00,,Non-forest Land,true,"Building no 1,2&3, sector 17 A",,4,Others,deputy manager,,4,MCC,Chandigarh,,https://parivesh.nic.in/dms/okm/downloadDocument?docTypemappingId=40829&refId=7064690&refType=caf&uuid=7964c968-27e8-41ec-bea6-c12363ed47ac&version=1.0;https://parivesh.nic.in/dms/okm/downloadDocument?docTypemappingId=59061&refId=7064690&refType=FC&uuid=72ae49b3-1f39-4147-81e3-f9222a880f83&version=1.1;https://parivesh.nic.in/dms/okm/downloadDocument?docTypemappingId=58989&refId=7064690&refType=FC&uuid=53a9163c-0a47-4f36-9232-0ef08633aea2&version=1.3,0,https://parivesh.nic.in/newupgrade/#/report/ec?proposalId=7135445,195.0,9002.0
8080993,The present project is for the installation of a 550 TPD integrated solid waste management system at Dadu Majra. The location is a notified solid waste dumping site in Chandigarh.,New,IA/CH/INFRA2/440842/2023,2023-08-18T10:55:14.760+00:00,2023-12-21T11:47:52.083+00:00,ToR Granted,18.255,40000.0,MUNICIPAL CORPORATION CHANDIGARH,CSIR- National Environmental Engineering Research Institute,Environment clearance form,TOR,A,Common Municipal Solid Waste Management Facility (CMSWMF),"Integrated Solid Waste Management System at Dadu Majra, Chandigarh",CHANDIGARH,Chandigarh,DADU MAJRA,21-27/2023-IA.III,,"18//24/1,25/2;   23//3/1/1,3/1/3;  23//3/2,4/1,4/3,5/2/2;  24//1/2,2/1,3/2,4/1,5/2,6/1,6/2,7,9.8,10,11/1,12,13,14,15,16,17,18,19/1,20/1,23/1/3,24/1,25/2;   25//1/2/1, 1/2/2, 2/1,3/2, 7/1/2, 8/2, 9,10,11,12/1, 12/2, 13,14/1, 17/2,18,19,20,21, 22,23,24/1,25/1,;   28//1/1,2,3,4,5/1,6/2,7,.8/1,9/1,14/1/1,14/2/3,14/3/1,14/4/1,15/1;  29//5/3",Non - Linear,18.255,0.0,18.255,0.0,0.0,0.0,0.0,0.0,0,0,0,NO,The present site was allotted by the government for solid waste dumping in 1988,YES,NO,NO,2023-08-18T11:25:53.011+00:00,,,,,,,,,,,,Chandigarh,"18//24/1,25/2;   23//3/1/1,3/1/3;  23//3/2,4/1,4/3,5/2/2;  24//1/2,2/1,3/2,4/1,5/2,6/1,6/2,7,9.8,10,11/1,12,13,14,15,16,17,18,19/1,20/1,23/1/3,24/1,25/2;   25//1/2/1, 1/2/2, 2/1,3/2, 7/1/2, 8/2, 9,10,11,12/1, 12/2, 13,14/1, 17/2,18,19,20,21, 22,23,24/1,25/1,;   28//1/1,2,3,4,5/1,6/2,7,.8/1,9/1,14/1/1,14/2/3,14/3/1,14/4/1,15/1;  29//5/3",https://parivesh.nic.in/dms/okm/downloadDocument?docTypemappingId=40829&refId=8080014&refType=caf&uuid=b8e62380-04ae-45bc-a4f7-a243c87cd58d&version=1.0,0,https://parivesh.nic.in/newupgrade/#/report/ec?proposalId=8080993,87600.0,1095000.0
23513222,"PCL Gateway is a Mega Integrated Township of 210 Acres in the foothills of Shivalik. It is the part of youngest city of India and is 0 km from Chandigarh with its major highlight- Yadwindra International Cricket Stadium cum Sports Complex which is adjacent to this Project. The Project is self-sufficient with its own Residential & Commercial Complexes, various Parks, Hospitals, and Institutional Complexes etc. All these factors and highlights, a dedicated team leader and an obedient team gives PCL an edge over other similar projects. It is the location & team behind any Project which matters the most. PCL offers you plots, villas, flats, commercials, SCO sites, bay shops at Zero km on the boundary of Chandigarh. This township shares 1.5 km boundary with existing Chandigarh.",New,WL/CH/SRY/452149/2023,2023-11-11T17:12:03.331+00:00,,,155.9,14326.9855,INNOVATIVE HOUSING AND INFRASTRUCTURE PRIVATE LIMITED,,Wildlife clearance form,,,,PCL Gateway,CHANDIGARH,SAS Nagar (Mohali),JHAMPUR,,,,Linear,0.0,155.9,155.9,0.0,0.0,0.0,0.0,0.0,0,0,0,Not applicable as the project or activity is site specific,,NO,NO,NO,2023-11-11T17:14:10.024+00:00,,,,,,,,,,,,Sahibzada Ajit Singh Nag*,,https://parivesh.nic.in/dms/okm/downloadDocument?docTypemappingId=40829&refId=23513101&refType=caf&uuid=fa24692d-69d0-4400-ac48-4b07ae80c4b9&version=1.0,39162,https://parivesh.nic.in/newupgrade/#/report/ec?proposalId=23513222,340.0,1210.0
31489848,COMMERCIAL COMPLEX,New,SIA/CH/INFRA2/455379/2023,2023-12-13T07:18:17.437+00:00,2026-02-06T12:24:42.582+00:00,EC Granted,0.447,2000.0,RSA MOTORS PRIVATE LIMITED,,Application for Transfer of EC- Form-7,OTHER,B2,,BERKELEY SQUARE,CHANDIGARH,Chandigarh,CHANDIGARH,,SA-ED-2015/EC/107,"Plot no.24, Industrial Area, Phase I",Linear,0.447,0.0,0.447,0.0,0.0,0.0,0.0,0.0,0,0,0,Not applicable as the project or activity is site specific,,NO,YES,NO,2023-12-26T07:15:06.852+00:00,,,,"PLOT NO.24, INDUSTRIAL AREA, PHASE I, CHANDIGARH",CHANDIGARH,4,Private Limited,DIRECTOR,CHANDIGARH,4,,Chandigarh,"Plot no.24, Industrial Area, Phase I",https://parivesh.nic.in/dms/okm/downloadDocument?docTypemappingId=40829&refId=31488117&refType=caf&uuid=1f5fc815-9386-4ab9-8578-15fb6d42daa7&version=1.0,0,https://parivesh.nic.in/newupgrade/#/report/ec?proposalId=31489848,0.0,0.0
32522790,The project envisages the construction of Type III (64 No.) & Type V (64 No.) Residential accommodation.,Expansion,SIA/CH/INFRA2/455930/2023,2023-12-18T09:59:22.099+00:00,,DELISTED_BY_SYSTEM,112.0,104844.0,POST GRADUATE INSTITUTE OF MEDICAL EDUCATION AND RESEARCH CHANDIGARH,Shivalik Solid Waste Management Limited,Environment clearance form,TOR,B1,Townships/ Area Development Projects / Rehabilitation Centres,"Expansion of PGIMER (Postgraduate Institute of Medical Education and Research) Chandigarh by adding Proposed 64 Nos. Type-III and 64 Nos. Type-V [2 Blocks - (B+G+5) & 1 Block - (B+G+3) each] Residential Accommodation i/c internal & external water supply, sanitary installations, Drainage & Development works, Horticulture work and electrical Installations by Department of Hospital Engineering & Planning.",CHANDIGARH,Chandigarh,CHANDIGARH,,1/5/ED/23/132,,Hybrid,112.0,0.0,112.0,0.0,0.0,0.0,98131.0,6713.0,0,0,0,Not applicable as the project or activity is site specific,,NO,NO,NO,2024-03-05T10:51:02.036+00:00,,,,,,,,,,,,Chandigarh,,https://parivesh.nic.in/dms/okm/downloadDocument?docTypemappingId=40829&refId=32521627&refType=caf&uuid=f9d839b3-ec9c-4297-bbb0-ba20f2c9c95e&version=1.1,0,https://parivesh.nic.in/newupgrade/#/report/ec?proposalId=32522790,23000.0,5475.0
39474410,Additional land allocated by Chandigarh Administration for Petrol Pump at Sector 42 Chandigarh,Expansion,FP/CH/PetrolPump/459131/2024,2024-01-18T06:38:02.839+00:00,,DELISTED_BY_SYSTEM,0.0,400000.0,Indian Oil Corporation Limited (IOCL),,Forest clearance form,,,,Retail Outlet (Petrol Pump),CHANDIGARH,Chandigarh,CHANDIGARH,,,INDIAN OIL PETROL PUMP SEC 42 CHANDIGARH,Linear,0.0,0.0,0.0,0.0,0.0227,0.0227,0.0,400000.0,0,0,0,Not applicable as the project or activity is site specific,,NO,NO,NO,2024-01-18T07:17:25.002+00:00,,Non-forest Land,true,"SCO 35-36,MADHYA MARG,SECTOR-7,CHANDIGARH-160019",CHANDIGARH,4,"Central PSU (eg. NHAI, AAI, NTP, CIL, SAIL)",SDRSM,CHANDIGARH,4,ESTATE OFFICE CHANDIGARH,Chandigarh,INDIAN OIL PETROL PUMP SEC 42 CHANDIGARH,https://parivesh.nic.in/dms/okm/downloadDocument?docTypemappingId=40829&refId=39473549&refType=caf&uuid=c033f437-2b63-4d37-b25d-fad3716a99e7&version=1.1;https://parivesh.nic.in/dms/okm/downloadDocument?docTypemappingId=59061&refId=39473549&refType=FC&uuid=c0a06605-462d-48f2-9d1e-db2604608972&version=1.0;https://parivesh.nic.in/dms/okm/downloadDocument?docTypemappingId=58989&refId=39473549&refType=FC&uuid=2329f6d6-c46b-4d89-8864-89b60dc25562&version=1.1,0,https://parivesh.nic.in/newupgrade/#/report/ec?proposalId=39474410,11688.0,11680.0
44477592,"The project envisages the construction of 4BHK, 5BHK Residential Colony.",New,WL/CH/INFRA/461126/2024,2024-02-06T06:14:57.721+00:00,,,1.1,500000000.0,SHIVA LAND PROMOTERS AND BUILDERS,,Wildlife clearance form,,,,Proposed Residential colony “Sky Touch” by M/s Shiva Land Promoters & Builders.,CHANDIGARH,Dera Bassi,DHAKAULI,,,,Hybrid,1.1,0.0,1.1,0.0,0.0,0.0,0.0,0.0,0,0,0,Not applicable as the project or activity is site specific,,NO,NO,NO,2024-02-16T04:04:41.558+00:00,,,,,,,,,,,,Sahibzada Ajit Singh Nag*,,https://parivesh.nic.in/dms/okm/downloadDocument?docTypemappingId=40829&refId=41315715&refType=caf&uuid=bc60025e-fad2-4598-ab0f-73a4387ddddc&version=1.0,0,https://parivesh.nic.in/newupgrade/#/report/ec?proposalId=44477592,109550.0,7320.0
64652628,"This is a hotel project located at plot no. 33 & 34, Industrial Area Phase-II, Chandigarh",New,SIA/CH/INFRA2/471106/2024,2024-04-30T11:20:28.646+00:00,,DELISTED_BY_SYSTEM,0.8941,21000.0,JOY HOTEL AND RESORTS PRIVATE LIMITED,,Application for Transfer of EC- Form-7,OTHER,B2,,Sheraton Chandigarh Hotel,CHANDIGARH,Chandigarh,CHANDIGARH,,No. 21-33/2009-IA.III,,Non - Linear,0.8941,0.0,0.8941,0.0,0.0,0.0,0.0,0.0,0,0,0,Not applicable as the project or activity is site specific,,NO,YES,NO,2024-04-30T12:43:11.603+00:00,,,,"Plot no.- 33-34,Industrial Area, Phase-II, Chandigarh",,4,Private Limited,Authorized Signatory,,4,,Chandigarh,,https://parivesh.nic.in/dms/okm/downloadDocument?docTypemappingId=40829&refId=64645153&refType=caf&uuid=3372ddbb-6df7-4cb4-b4e6-55574aebba6a&version=1.0,0,https://parivesh.nic.in/newupgrade/#/report/ec?proposalId=64652628,0.0,1071275.0
80406607,"This is a hotel project located at plot no. 33 & 34, Industrial Area Phase-II, Chandigarh",New,IA/CH/INFRA2/485281/2024,2024-07-01T12:26:30.744+00:00,,DELISTED_BY_SYSTEM,0.8941,21000.0,JOY HOTEL AND RESORTS PRIVATE LIMITED,,Application for Transfer of EC- Form-7,OTHER,B2,,Sheraton Chandigarh Hotel,CHANDIGARH,Chandigarh,CHANDIGARH,No. 21-33/2009-IA.III,,,Non - Linear,0.8941,0.0,0.8941,0.0,0.0,0.0,0.0,0.0,0,0,0,Not applicable as the project or activity is site specific,,NO,YES,NO,2024-09-19T11:11:52.336+00:00,,,,"Plot no.- 33-34,Industrial Area, Phase-II, Chandigarh",,4,Private Limited,Owner,,4,,Chandigarh,,https://parivesh.nic.in/dms/okm/downloadDocument?docTypemappingId=40829&refId=79174295&refType=caf&uuid=e3df2210-63d0-4e9d-a8b9-b54a48186344&version=1.0,0,https://parivesh.nic.in/newupgrade/#/report/ec?proposalId=80406607,0.0,1071275.0
89813327,"Police training center will comprise of Academic/Admin Block, Mess, Hostels, Sports and fitness center, Residential Flats etc.",New,SIA/CH/INFRA2/490938/2024,2024-08-02T06:34:37.235+00:00,,DELISTED_BY_SYSTEM,12.29,9812.0,"Police H.Q Union Territory, Chandigarh",Eco Paryavaran Laboratories & Consultants Pvt. Ltd.  (formerly Eco Laboratories & Consultants Pvt. Ltd.),Environment clearance form,TOR,B2,Building / Construction,"Police training centre namely “Smart Police Training Centre-South Campus” at I.R.B Complex, Sarangpur, Chandigarh by Police H.Q Union Territory Chandigarh",CHANDIGARH,Chandigarh,CHANDIGARH,,,,Non - Linear,12.29,0.0,12.29,0.0,0.0,0.0,0.0,0.0,0,0,0,Not applicable as the project or activity is site specific,,NO,NO,NO,2025-02-13T12:42:50.347+00:00,,,,,,,,,,,,Chandigarh,,https://parivesh.nic.in/dms/okm/downloadDocument?docTypemappingId=40829&refId=89532843&refType=caf&uuid=683eeea9-abea-4fb9-a70e-876f4e7726c4&version=1.0,0,https://parivesh.nic.in/newupgrade/#/report/ec?proposalId=89813327,14600.0,3650.0
102345279,"Forest land proposed to be diverted is inescapable and other alternatives for the proposed project have been explored and the forest land proposed to be diverted is barest minimum. It is further certified that no suitable non-forest land is available for the diversion C/O for widening of road by removing the curve in front of Rock garden gate.
During the course of finalization of project land to be diverted, three alternatives were examined and there is no scope of any private land available in any alternative except forest land 0.0272Hect.",New,FP/CH/ROAD/496616/2024,2024-09-13T12:49:33.258+00:00,2025-01-16T09:12:15.983+00:00,Final Diversion Order Issued,0.0272,3.0,CONSTRUCTION CIRCLE 2 UT CHANDIGARH,,Forest clearance form,,,,Diversion of Forest Land i.e. 0.0272 ha for Widening of Road adjoining to the the rock garden and Punjab & Haryana High Court.,CHANDIGARH,Chandigarh,CHANDIGARH,,,43,Linear,0.0,0.0272,0.0272,0.0,0.0,0.0,0.0,0.0,0,0,0,Not applicable as the project or activity is site specific,,NO,NO,NO,2024-09-12T18:30:00.000+00:00,,Degraded Forest Land,true,"E.E. CP Division No.2, Chandigarh",,4,State Government (Department/Autonomous body),Executive Engineer CP Division No.2,,4,,Chandigarh,43,https://parivesh.nic.in/dms/okm/downloadDocument?docTypemappingId=40829&refId=102341237&refType=caf&uuid=91db7f4b-5f82-468d-bffe-39f132cb9815&version=1.0;https://parivesh.nic.in/dms/okm/downloadDocument?docTypemappingId=58989&refId=102341237&refType=FC&uuid=13cc537d-42c5-48c4-aceb-e65abb3b1815&version=1.0,0,https://parivesh.nic.in/newupgrade/#/report/ec?proposalId=102345279,50.0,1105.0
109732843,"Forest land proposed to be diverted is inescapable and other alternatives for the proposed project have been explored and the forest land proposed to be diverted is barest minimum. It is further certified that no suitable non forest land is available for diversion C/O for widening of road by removing the curve in front of Rock garden gate. During the course of finalization of project land to be diverted, three alternatives were examined and there is no scope of any private land available in any alternative except forest lad 0.2159 Hactare",New,FP/CH/ROAD/501286/2024,2024-10-16T09:18:53.615+00:00,2025-01-16T11:56:27.622+00:00,Final Diversion Order Issued,0.2159,2000000.0,CONSTRUCTION CIRCLE 2 UT CHANDIGARH,,Forest clearance form,,,,Proposal for diversion of forest land i.e. 0.2159 Ha adjoining to rock garden at Pb. & Hry high court,CHANDIGARH,Chandigarh,CHANDIGARH,,,,Linear,0.0,0.2159,0.2159,0.0,0.0,0.0,0.0,0.0,0,0,0,Not applicable as the project or activity is site specific,,NO,NO,NO,2024-11-04T18:30:00.000+00:00,,Degraded Forest Land,true,"E.E. CP Division No.2, Chandigarh",chandigarh,4,State Government (Department/Autonomous body),Executive Engineer,chandigarh,4,,Chandigarh,,https://parivesh.nic.in/dms/okm/downloadDocument?docTypemappingId=40829&refId=109728049&refType=caf&uuid=60cd8bbd-46ca-4e08-ad79-2491d7833af4&version=1.0;https://parivesh.nic.in/dms/okm/downloadDocument?docTypemappingId=58989&refId=109728049&refType=FC&uuid=37539e8d-331e-46b3-9cb3-d0f80533adbe&version=1.9,0,https://parivesh.nic.in/newupgrade/#/report/ec?proposalId=109732843,135.0,128.0
112592624,"The project will comprise of main Critical Care Block (2B+G+6) having 182 bedded (150 Census beds + 32 Non-Census beds) along with Service block (G). The proposed built-up area of the project will be 24,381.9 sq.m.",New,SIA/CH/INFRA2/508510/2024,2024-11-27T06:49:26.431+00:00,2025-04-03T09:03:17.533+00:00,Withdrawal Request Accepted,1.0454,24381.0,POST GRADUATE INSTITUTE OF MEDICAL EDUCATION AND RESEARCH CHANDIGARH,Eco Paryavaran Laboratories & Consultants Pvt. Ltd.  (formerly Eco Laboratories & Consultants Pvt. Ltd.),Environment clearance form,TOR,B2,Building / Construction,"Critical Care Block (CCB) by M/s Post Graduate Institute of Medical Education & Research (PGIMER) at PGIMER, Sector-12, Chandigarh.",CHANDIGARH,Chandigarh,CHANDIGARH,,,,Hybrid,1.0454,0.0,1.0454,0.0,0.0,0.0,0.0,0.0,0,0,0,Not applicable as the project or activity is site specific,,NO,NO,NO,2025-04-01T11:53:41.221+00:00,,,,,,,,,,,,Chandigarh,,https://parivesh.nic.in/dms/okm/downloadDocument?docTypemappingId=40829&refId=112589798&refType=caf&uuid=859f2cf8-3113-4ecd-8a91-1c851d148072&version=1.0,0,https://parivesh.nic.in/newupgrade/#/report/ec?proposalId=112592624,50.0,109550.0
113724903,The line carrying sewer from Daria sewer sump to STP Raipur Khurd is under capacity due to which the sewer gets overflow from the manholes during pumping and flows on road and enter into Sukhna Choe which is against the guidelines of CPCC/NGT. Therefore additional pipeline has to be laid to overcome the problem of sewer overflow .,Expansion,FP/CH/REDIV/512579/2024,2024-12-03T10:18:20.139+00:00,,DELISTED_BY_SYSTEM,0.0,62.32,Gaurav Pal,,Form-E: Re-Diversion i) Land Use Change ii) Laying of Overhead/ Under Ground OFC/ drinking water pipeline/ slurry pipeline/ electric cable/ CNG/PNG within RoW,,,,Providing and laying of additional RCC NP-3 pipeline for carrying of sewer from village Daria sewer sump to STP Plant Raipur Khurd U.T. Chandigarh,CHANDIGARH,Chandigarh,CHANDIGARH,,,,Non - Linear,0.0,0.0,0.0,0.0,0.12,0.12,0.0,62.32,0,0,0,Not applicable as the project or activity is site specific,,NO,NO,NO,2024-12-03T18:30:00.000+00:00,,,,"Water Works near Saupins  School ,Sector 32 A, Chandigarh",,4,Individual,Sub Divisional Engineer,,4,,Chandigarh,,https://parivesh.nic.in/dms/okm/downloadDocument?docTypemappingId=40829&refId=113718871&refType=caf&uuid=0ca6d214-0a0e-4e22-a16b-45f50c248050&version=1.0,0,https://parivesh.nic.in/newupgrade/#/report/ec?proposalId=113724903,0.0,0.0
114978771,The line carrying sewer from village daria sewer sump to STP Raipur Khurd is under capacity due to which sewer gets overflow and flows into near by Sukhna Choe passing through forest area which is against the guidlines of NGT/CPCC. Therefore an additional sewer line has been proposed to cater the sewer flowing in nearby Sukhna Choe through forest area.,New,FP/CH/Pipeline/514996/2024,2024-12-17T09:46:40.228+00:00,,DELISTED_BY_SYSTEM,1.0,62.32,Municipal Corporation Chandigarh,,Forest clearance form,,,,"Providing and laying of additional RCC NP-3 pipeline for carrying of sewer from village Daria sewer sump to STP Plant Raipur Khurd, U.T. Chandigarh",CHANDIGARH,Chandigarh,CHANDIGARH,,,,Linear,0.0,1.0,1.0,0.0,0.0,0.0,0.0,0.0,0,0,0,NO,The additional line has to be laid parallel to the existing sewerline and the disposal of the sewer has to be done through this route only and no other route is possible. As for sewer disposal proper slope is required which is possible through this route only.,NO,NO,NO,2025-03-05T18:30:00.000+00:00,,,false,"Division No. 1, Sector 11 near Karuna Sadan , Chandigarh",Chandigarh,4,State Government (Department/Autonomous body),Executive Engineer,Chandigarh,4,,Chandigarh,,https://parivesh.nic.in/dms/okm/downloadDocument?docTypemappingId=40829&refId=114938161&refType=caf&uuid=25d18959-721c-444b-996b-da08e50c35b1&version=1.0;https://parivesh.nic.in/dms/okm/downloadDocument?docTypemappingId=58989&refId=114938161&refType=FC&uuid=30e4d93d-a1d8-4cfa-b982-8093391c3f2d&version=1.0,0,https://parivesh.nic.in/newupgrade/#/report/ec?proposalId=114978771,90.0,62.0
117505902,The present project is for the installation of a 550 TPD integrated solid waste management system at Dadu Majra. The location is a notified solid waste dumping site in Chandigarh.,New,IA/CH/INFRA2/518478/2025,2025-01-14T09:24:12.581+00:00,2025-02-21T04:35:24.002+00:00,EC Granted,18.255,40000.0,MUNICIPAL CORPORATION CHANDIGARH,,Environment clearance form,EC,A,,"Integrated Solid Waste Management System at Dadu Majra, Chandigarh",CHANDIGARH,Chandigarh,DADU MAJRA,21-27/2023-IA.III,,"18//24/1,25/2;   23//3/1/1,3/1/3;  23//3/2,4/1,4/3,5/2/2;  24//1/2,2/1,3/2,4/1,5/2,6/1,6/2,7,9.8,10,11/1,12,13,14,15,16,17,18,19/1,20/1,23/1/3,24/1,25/2;   25//1/2/1, 1/2/2, 2/1,3/2, 7/1/2, 8/2, 9,10,11,12/1, 12/2, 13,14/1, 17/2,18,19,20,21, 22,23,24/1,25/1,;   28//1/1,2,3,4,5/1,6/2,7,.8/1,9/1,14/1/1,14/2/3,14/3/1,14/4/1,15/1;  29//5/3",Non - Linear,18.255,0.0,18.255,0.0,0.0,0.0,0.0,0.0,0,0,0,NO,The present site was allotted by the government for solid waste dumping in 1988,YES,NO,NO,2025-01-14T13:08:53.719+00:00,,,,,,,,,,,,Chandigarh,"18//24/1,25/2;   23//3/1/1,3/1/3;  23//3/2,4/1,4/3,5/2/2;  24//1/2,2/1,3/2,4/1,5/2,6/1,6/2,7,9.8,10,11/1,12,13,14,15,16,17,18,19/1,20/1,23/1/3,24/1,25/2;   25//1/2/1, 1/2/2, 2/1,3/2, 7/1/2, 8/2, 9,10,11,12/1, 12/2, 13,14/1, 17/2,18,19,20,21, 22,23,24/1,25/1,;   28//1/1,2,3,4,5/1,6/2,7,.8/1,9/1,14/1/1,14/2/3,14/3/1,14/4/1,15/1;  29//5/3",https://parivesh.nic.in/dms/okm/downloadDocument?docTypemappingId=40829&refId=8080014&refType=caf&uuid=b8e62380-04ae-45bc-a4f7-a243c87cd58d&version=1.0,0,https://parivesh.nic.in/newupgrade/#/report/ec?proposalId=117505902,87600.0,1095000.0
121561284,commercial complex project,New,SIA/CH/INFRA2/527491/2026,2025-03-04T09:35:59.450+00:00,2026-07-24T13:57:14.784+00:00,EC Granted,0.447,1951.5,RSA MOTORS PRIVATE LIMITED,Shivalik Solid Waste Management Limited,Application for amendment in ToR (for categories A & B1)/Amendment in EC (for category B2)- Form-3,OTHER,B2,Building / Construction,Berkeley Square by M/s RSA motors pvt. ltd.,CHANDIGARH,Chandigarh,CHANDIGARH,,1/5/ED/25/148,plot no 24 industrial area phase 1,Hybrid,0.447,0.0,0.447,0.0,0.0,0.0,0.0,0.0,0,0,0,NO,the project is already granted EC and is constructed. Currently project is going for amendment,NO,NO,NO,2026-02-12T12:01:08.117+00:00,,,,,,,,,,,,Chandigarh,plot no 24 industrial area phase 1,https://parivesh.nic.in/dms/okm/downloadDocument?docTypemappingId=40829&refId=121548239&refType=caf&uuid=176a2719-c86e-496e-a5ac-f0dec892f3b7&version=1.0,0,https://parivesh.nic.in/newupgrade/#/report/ec?proposalId=121561284,38325.0,655905.0
121730145,,,FP/CH/ACA/527873/2025,2025-03-06T04:59:23.349+00:00,,GRANTED,,,,,Accredited Compensatory Afforestation (ACA) Form,,,,,CHANDIGARH,,,,,,,,,,,,,,,,,,,,,,,2025-03-06T06:52:17.589+00:00,,,,,,,,,,,,,,,,https://parivesh.nic.in/newupgrade/#/report/ec?proposalId=121730145,,
122351530,"M/s Bhushan Power and Steel Limited, is operating a cold rolling steel manufacturing unit (involving pickling in the manufacturing process) at plot no. 71, Industrial Area, Phase-I, Chandigarh with valid CTO vide Consent No.: CPCC/2021/R1221/322208 dated 12/03/2021. As per EIA Notification 2006 and MoEF&CC notification dated 07th June 2024 the project falls under Item 3(a), Cat. B2 of the schedule of the EIA Notification, 2006.",New,IA/CH/IND1/529298/2026,2025-03-13T07:13:41.985+00:00,,Proposal returned in present form,1.64,24505.0,BHUSHAN POWER & STEEL LIMITED,Shivalik Solid Waste Management Limited,Environment clearance form,TOR,B2,Metallurgical Industries (ferrous and non ferrous),"Cold rolling steel manufacturing unit at Plot No.71, Industrial area, Phase-I, Chandigarh by M/s Bhushan Power and Steel Limited",CHANDIGARH,Chandigarh,CHANDIGARH,IA-J-11011/93/2025-IA-II(Ind-I),,"Plot no. 71, Phase I Industrial area, Chandigarh",Hybrid,1.64,0.0,1.64,0.0,0.0,0.0,0.0,0.0,0,0,0,Not applicable as the project or activity is site specific,,NO,NO,NO,2026-01-28T06:32:45.378+00:00,,,,,,,,,,,,Chandigarh,"Plot no. 71, Phase I Industrial area, Chandigarh",https://parivesh.nic.in/dms/okm/downloadDocument?docTypemappingId=40829&refId=122349192&refType=caf&uuid=492456ac-20b6-424b-b080-7f944ddeec91&version=1.0,0,https://parivesh.nic.in/newupgrade/#/report/ec?proposalId=122351530,0.0,107220.0
123506020,"This is a hotel project located at plot no. 33 & 34, Industrial Area Phase-II, Chandigarh",New,SIA/CH/INFRA2/531350/2025,2025-03-26T07:28:14.519+00:00,,DELISTED_BY_SYSTEM,0.8941,45521.0,JOY HOTEL AND RESORTS PRIVATE LIMITED,Aplinka Solutions & Technologies Private Limited,Environment clearance form,TOR,B2,Building / Construction,Sheraton Chandigarh Hotel,CHANDIGARH,Chandigarh,CHANDIGARH,,,,Non - Linear,0.8941,0.0,0.8941,0.0,0.0,0.0,0.0,0.0,0,0,0,Not applicable as the project or activity is site specific,,NO,YES,NO,2025-03-28T09:54:08.744+00:00,,,,,,,,,,,,Chandigarh,,https://parivesh.nic.in/dms/okm/downloadDocument?docTypemappingId=40829&refId=122606104&refType=caf&uuid=eff733bb-4113-443f-b368-5f33b5b99e46&version=1.0,0,https://parivesh.nic.in/newupgrade/#/report/ec?proposalId=123506020,100.0,80319.0
124200333,"The project will comprise of main Critical Care Block (2B+G+6) having 182 bedded (150 Census beds + 32 Non-Census beds) along with Service block (G). The proposed built-up area of the project will be 24,381.9 sq.m.",New,SIA/CH/INFRA2/532754/2025,2025-04-04T04:20:01.651+00:00,,Proposal pulled back (withdrawn),1.0454,24381.0,POST GRADUATE INSTITUTE OF MEDICAL EDUCATION AND RESEARCH CHANDIGARH,Eco Paryavaran Laboratories & Consultants Pvt. Ltd.  (formerly Eco Laboratories & Consultants Pvt. Ltd.),Environment clearance form,TOR,B2,Building / Construction,"Critical Care Block (CCB) by M/s Post Graduate Institute of Medical Education & Research (PGIMER) at PGIMER, Sector-12, Chandigarh.",CHANDIGARH,Chandigarh,CHANDIGARH,,,,Hybrid,1.0454,0.0,1.0454,0.0,0.0,0.0,0.0,0.0,0,0,0,Not applicable as the project or activity is site specific,,NO,NO,NO,2025-04-07T05:20:11.626+00:00,,,,,,,,,,,,Chandigarh,,https://parivesh.nic.in/dms/okm/downloadDocument?docTypemappingId=40829&refId=112589798&refType=caf&uuid=859f2cf8-3113-4ecd-8a91-1c851d148072&version=1.0,0,https://parivesh.nic.in/newupgrade/#/report/ec?proposalId=124200333,50.0,109550.0
124709521,"Critical Care Block (CCB) by M/s Post Graduate Institute of Medical Education & Research (PGIMER) at PGIMER, Sector-12, Chandigarh.",New,SIA/CH/INFRA2/533735/2025,2025-04-11T10:23:06.246+00:00,,Proposal pulled back (withdrawn),1.0454,24381.0,POST GRADUATE INSTITUTE OF MEDICAL EDUCATION AND RESEARCH CHANDIGARH,,Environment clearance form,TOR,B2,Building / Construction,"Critical Care Block (CCB) by M/s Post Graduate Institute of Medical Education & Research (PGIMER) at PGIMER, Sector-12, Chandigarh.",CHANDIGARH,Chandigarh,CHANDIGARH,,,"Sector-12,",Hybrid,1.0454,0.0,1.0454,0.0,0.0,0.0,0.0,0.0,0,0,0,Not applicable as the project or activity is site specific,,NO,NO,NO,2025-04-11T17:48:18.618+00:00,,,,,,,,,,,,Chandigarh,"Sector-12,",https://parivesh.nic.in/dms/okm/downloadDocument?docTypemappingId=40829&refId=124707328&refType=caf&uuid=b24809f9-1338-4871-9d52-f5c86600299d&version=1.0,0,https://parivesh.nic.in/newupgrade/#/report/ec?proposalId=124709521,18300.0,109520.0
128423873,"This is a hotel project located at plot no. 33 & 34, Industrial Area Phase-II, Chandigarh",New,SIA/CH/INFRA2/539539/2025,2025-05-29T06:23:55.404+00:00,,Referred to SEAC,0.8941,45521.0,JOY HOTEL AND RESORTS PRIVATE LIMITED,Aplinka Solutions & Technologies Private Limited,Environment clearance form,TOR,B2,Building / Construction,Sheraton Chandigarh Hotel,CHANDIGARH,Chandigarh,CHANDIGARH,,1/5/ED/24/135,,Non - Linear,0.8941,0.0,0.8941,0.0,0.0,0.0,0.0,0.0,0,0,0,Not applicable as the project or activity is site specific,,NO,YES,NO,2025-10-30T04:58:36.147+00:00,,,,,,,,,,,,Chandigarh,,https://parivesh.nic.in/dms/okm/downloadDocument?docTypemappingId=40829&refId=128417018&refType=caf&uuid=929e4920-6643-4d73-ad68-e8321974ff7c&version=1.0,0,https://parivesh.nic.in/newupgrade/#/report/ec?proposalId=128423873,100.0,80319.0
129875431,"Diversion of Forest Land for construction of Mobile Tower near Forest Area, Behind Sukhna Lake, Chandigarh",New,FP/CH/CommPost/541245/2025,2025-06-13T06:40:51.877+00:00,,DELISTED_BY_SYSTEM,0.0049,0.0,indus towers ltd,,Forest clearance form,,,,"Diversion of Forest Land for construction of Mobile Tower near Forest Area, Behind Sukhna Lake, Chandigarh",CHANDIGARH,Chandigarh,CHANDIGARH,,,,Linear,0.0,0.0049,0.0049,0.0,0.0,0.0,0.0,0.0,0,0,0,Not applicable as the project or activity is site specific,,NO,NO,NO,2025-06-13T06:55:31.061+00:00,,,false,"Building no. 10 Tower A, 4th floor, DLF Cybercity Gurugram, 122002",,6,Private Limited,Enterprise Sales Lead,,6,,Chandigarh,,https://parivesh.nic.in/dms/okm/downloadDocument?docTypemappingId=40829&refId=129874815&refType=caf&uuid=3de2c138-e3dd-47cc-97dc-84f1e6cf7498&version=1.0;https://parivesh.nic.in/dms/okm/downloadDocument?docTypemappingId=58989&refId=129874815&refType=FC&uuid=e6234444-05e7-48de-8df8-955049cce736&version=1.0,0,https://parivesh.nic.in/newupgrade/#/report/ec?proposalId=129875431,200.0,0.0
130923605,The line carrying   daia sewer sump to STP Raipur khurd is under capacity due to which  sewer gets overflow and flows into  near by Sukhna choe passing through forest area which is against the guidelines of NGT/CPCC .Therefore an additional sewer  line has been proposed to sewer flowing in nearby choe through forest area.,New,FP/CH/Pipeline/542924/2025,2025-06-27T05:50:55.222+00:00,,DELISTED_BY_SYSTEM,1.0,62.32,Municipal Corporation Chandigarh,,Forest clearance form,,,,"Providing and laying of additional RCCNP-3 pipe line for carrying of sewer from village Dariya sewer sump to STP Plant Raipur Khurd, U.T. Chandigarh.",CHANDIGARH,Chandigarh,CHANDIGARH,,,,Linear,0.0,1.0,1.0,0.0,0.0,0.0,0.0,0.0,0,0,0,NO,There is no alternative site is available for the the work of laying of sewer line as sewer levels does not matching,NO,NO,NO,2025-06-27T18:30:00.000+00:00,,,false,"Division No. 1, Sector 11 near Karuna Sadan , Chandigarh",chandigarh,4,State Government (Department/Autonomous body),Executive engineer,,4,,Chandigarh,,https://parivesh.nic.in/dms/okm/downloadDocument?docTypemappingId=40829&refId=130864974&refType=caf&uuid=633dd436-5035-42f5-824a-b5e2e1ae9b6b&version=1.0;https://parivesh.nic.in/dms/okm/downloadDocument?docTypemappingId=58989&refId=130864974&refType=FC&uuid=675e6001-5a0d-43a0-b41d-2314fa31eec5&version=1.0,0,https://parivesh.nic.in/newupgrade/#/report/ec?proposalId=130923605,0.0,0.0
133864867,"New Model Jail will have barracks with capacity of 700 prisoners, Administrative block, kitchen etc.",New,SIA/CH/INFRA2/547811/2025,2025-08-12T04:48:51.418+00:00,2026-05-01T16:37:27.250+00:00,EC Granted,12.14,4422.0,Ministry of Defense,Eco Paryavaran Laboratories & Consultants Pvt. Ltd.  (formerly Eco Laboratories & Consultants Pvt. Ltd.),Environment clearance form,TOR,B2,Building / Construction,"Proposed “New Model Jail” located at Sector 51 Adjoining Main Jail on campus ‘A’ land, Model Jail, Chandigarh by C.P. Division No. 6, U.T., Chandigarh",CHANDIGARH,Chandigarh,CHANDIGARH,,1/5/ED/25/145,,Non - Linear,12.14,0.0,12.14,0.0,0.0,0.0,0.0,0.0,0,0,0,Not applicable as the project or activity is site specific,,NO,NO,NO,2025-08-13T12:06:41.853+00:00,,,,,,,,,,,,Chandigarh,,https://parivesh.nic.in/dms/okm/downloadDocument?docTypemappingId=40829&refId=133863683&refType=caf&uuid=f0c5ca8b-b8f8-4554-8d49-6821474e87fa&version=1.0,0,https://parivesh.nic.in/newupgrade/#/report/ec?proposalId=133864867,18350.0,33215.0
136087189,"The project will comprise of Critical Care Block (2 B+G+6) having 184 bedded (150 Census beds + 34 Non-Census beds) along with Service block (G). The proposed built-up area of the project will be 24,966.33 sq.m.",New,SIA/CH/INFRA2/551190/2025,2025-09-11T08:25:15.305+00:00,2025-12-24T10:41:12.068+00:00,EC Granted,1.1791,24381.0,POST GRADUATE INSTITUTE OF MEDICAL EDUCATION AND RESEARCH CHANDIGARH,Eco Paryavaran Laboratories & Consultants Pvt. Ltd.  (formerly Eco Laboratories & Consultants Pvt. Ltd.),Environment clearance form,TOR,B2,Building / Construction,"Critical Care Block (CCB) by M/s Post Graduate Institute of Medical Education & Research (PGIMER) at PGIMER, Sector-12, Chandigarh",CHANDIGARH,Chandigarh,CHANDIGARH,,1/5/ED/2024/139,,Hybrid,1.1791,0.0,1.1791,0.0,0.0,0.0,0.0,0.0,0,0,0,Not applicable as the project or activity is site specific,,NO,NO,NO,2025-09-11T12:39:43.800+00:00,,,,,,,,,,,,Chandigarh,,https://parivesh.nic.in/dms/okm/downloadDocument?docTypemappingId=40829&refId=136086884&refType=caf&uuid=8e78abbf-253a-4004-b8eb-fb7f0ae467f8&version=1.0,0,https://parivesh.nic.in/newupgrade/#/report/ec?proposalId=136087189,18300.0,109520.0
136236234,Earmarking of Land of approx 01 Acre for Mini Bus Stand Terminal opposite to Exit Gate at Railway Station Chandigarh,New,FP/CH/OTHERS/551556/2025,2025-09-13T17:00:40.158+00:00,,DELISTED_BY_SYSTEM,0.4,30.0,CHANDIGARH TRANSPORT UNDERTAKING CHANDIGARH,,Forest clearance form,,,,Earmarking of Land of approx 01 Acre for Mini Bus Stand Terminal opposite to Exit Gate at Railway Station Chandigarh,CHANDIGARH,Chandigarh,CHANDIGARH,,,,Linear,0.0,0.4,0.4,0.0,0.0,0.0,0.0,0.0,0,0,0,Not applicable as the project or activity is site specific,,NO,NO,NO,2025-09-14T14:52:33.096+00:00,,,false,"Plot No. 701, Industrial Area, Phase-I, Chandigarh",CHANDIGARH,4,Central Government (Department/Autonomous body),"Director Transport, Chandigarh Transport Undertaking",CHANDIGARH,4,,Chandigarh,,https://parivesh.nic.in/dms/okm/downloadDocument?docTypemappingId=40829&refId=136218700&refType=caf&uuid=87f71938-7ca9-46b1-8228-89eeee17c5fb&version=1.0;https://parivesh.nic.in/dms/okm/downloadDocument?docTypemappingId=58989&refId=136218700&refType=FC&uuid=43a351b6-66a4-48ab-a203-ff0635465a5f&version=1.0,0,https://parivesh.nic.in/newupgrade/#/report/ec?proposalId=136236234,1830.0,1835.0
136494338,The line carrying sewer from village daria sewer sump to STP Raipur Khurd is under capacity due to which sewer gets overflow and flows into near by Sukhna Choe passing through forest area which is against the guidelines of NGT/PCC. Therefore an additional sewer line has been proposed to cater the sewer flowing in nearby Sukhna Choe through forest area.,New,FP/CH/Pipeline/552040/2025,2025-09-18T06:32:48.782+00:00,,Pending at State Secretary for Recommendation,1.0,62.32,Municipal Corporation Chandigarh,,Forest clearance form,,,,"Providing and laying of additional RCC NP-3 pipeline for carrying of sewer from village Daria sewer sump to STP Plant Raipur Khurd, U.T. Chandigarh",CHANDIGARH,Chandigarh,CHANDIGARH,,,,Hybrid,0.0,1.0,1.0,0.0,0.0,0.0,0.0,0.0,0,0,0,Not applicable as the project or activity is site specific,,NO,NO,NO,2026-03-18T06:56:53.149+00:00,,Degraded Forest Land,true,"Division No. 1, Sector 11 near Karuna Sadan , Chandigarh",,4,State Government (Department/Autonomous body),EXN,,4,,Chandigarh,,https://parivesh.nic.in/dms/okm/downloadDocument?docTypemappingId=40829&refId=135710125&refType=caf&uuid=aab7eeb4-1f2e-4463-b8de-dbe67c1077cd&version=1.0;https://parivesh.nic.in/dms/okm/downloadDocument?docTypemappingId=40828&refId=135710125&refType=caf&uuid=cb36c538-f0b0-4b6d-ad4a-770730acedcc&version=1.0;https://parivesh.nic.in/dms/okm/downloadDocument?docTypemappingId=58989&refId=135710125&refType=FC&uuid=13b95276-c0bb-4fa2-a736-6f9857750fc9&version=1.0,0,https://parivesh.nic.in/newupgrade/#/report/ec?proposalId=136494338,0.0,0.0
136515070,"Advanced Neuroscience Centre located at Sector-12, Chandigarh by M/s Post Graduate Institute of Medical Education & Research (PGIMER).The total plot area of the project is 11,450 sq.m (2.8 acres) with total built-up area of 47,648.60 sq.m. The project  comprises of 3 basements + Ground Floor + 6 floors. As per the drawings submitted for approval of the layout plan, the project planning has been revised with a slight increase in built-up area from 47,648.60 sq.m to 50,945 sq.m. As per the Office Memorandum dated 10.09.2025 issued by MoEF&CC, the application is being filed for amendment in the Environmental Clearance.",Amendment,SIA/CH/INFRA2/552066/2025,2025-09-18T08:20:50.976+00:00,,DELISTED_BY_SYSTEM,1.145,15.0,POST GRADUATE INSTITUTE OF MEDICAL EDUCATION AND RESEARCH CHANDIGARH,Eco Paryavaran Laboratories & Consultants Pvt. Ltd.  (formerly Eco Laboratories & Consultants Pvt. Ltd.),Application for amendment in ToR (for categories A & B1)/Amendment in EC (for category B2)- Form-3,OTHER,B2,Building / Construction,"Advanced Neuroscience Centre located at Sector 12, Chandigarh by M/s Post Graduate Institute of Medical Education & Research (PGIMER)",CHANDIGARH,Chandigarh,CHANDIGARH,,1/5/ED/2025/146,,Non - Linear,0.0,1.145,1.145,0.0,0.0,0.0,0.0,0.0,0,0,0,NO,As it is already existing project,NO,NO,NO,2025-09-19T13:13:39.683+00:00,,,,,,,,,,,,Chandigarh,,https://parivesh.nic.in/dms/okm/downloadDocument?docTypemappingId=40829&refId=136500196&refType=caf&uuid=412182d0-4f7c-4a36-8885-4b9ce943f7d2&version=1.0,0,https://parivesh.nic.in/newupgrade/#/report/ec?proposalId=136515070,0.0,14050.0
894872778,"Advanced Neuroscience Centre located at Sector-12, Chandigarh by M/s Post Graduate Institute of Medical Education & Research (PGIMER). The total plot area of the project is 11,450 sq.m (2.8 acres) with total built-up area of 50,626.27 sq.m.",New,SIA/CH/INFRA2/561039/2025,2025-12-08T11:56:18.896+00:00,2026-02-06T06:24:38.599+00:00,EC Granted,1.145,15.0,POST GRADUATE INSTITUTE OF MEDICAL EDUCATION AND RESEARCH CHANDIGARH,Eco Paryavaran Laboratories & Consultants Pvt. Ltd.  (formerly Eco Laboratories & Consultants Pvt. Ltd.),Application for amendment in ToR (for categories A & B1)/Amendment in EC (for category B2)- Form-3,OTHER,B2,Building / Construction,"Advanced Neuroscience Centre located at Sector 12, Chandigarh by M/s Post Graduate Institute of Medical Education & Research (PGIMER)",CHANDIGARH,Chandigarh,CHANDIGARH,,,,Non - Linear,0.0,1.145,1.145,0.0,0.0,0.0,0.0,0.0,0,0,0,NO,As it is already existing project,NO,NO,NO,2025-12-22T12:40:15.757+00:00,,,,,,,,,,,,Chandigarh,,https://parivesh.nic.in/dms/okm/downloadDocument?docTypemappingId=40829&refId=891789578&refType=caf&uuid=579fefa5-bbc6-4817-8821-cc37bbd1b1b5&version=1.0,0,https://parivesh.nic.in/newupgrade/#/report/ec?proposalId=894872778,0.0,14050.0
1214913678,The LED street lights through underground cable has been proposed to illuminate this road in Public interest.,New,FP/CH/OTHERS/564394/2026,2026-01-06T07:04:52.333+00:00,,Pending at DFO for Scrutiny and Recommendation,0.0235,378829.0,ENGINEERING DEPARTMENT (ELECTRICAL),,Forest clearance form,,,,PROVIDING STREET LIGHTING THROUGH UNDERGROUND CABLE ON ROAD ALONG DHANAS LAKE,CHANDIGARH,Chandigarh,CHANDIGARH,,,,Linear,0.0,0.0235,0.0235,0.0,0.0,0.0,0.0,0.0,0,0,0,Not applicable as the project or activity is site specific,,NO,NO,NO,2026-09-20T18:30:00.000+00:00,,,false,"O/o THE EXECUTIVE ENGINEER, ELECTRICAL DIVISION NO.3, NEAR MLA HOSTEL SECTOR-4, UT CHANDIGARH.",CHANDIGARH,4,State Government (Department/Autonomous body),EXECUTIVE ENGINEER,CHANDIGARH,4,,Chandigarh,,https://parivesh.nic.in/dms/okm/downloadDocument?docTypemappingId=40829&refId=1212722823&refType=caf&uuid=beba013b-33b4-4e7b-9bf0-0efd9a31d2bd&version=1.0;https://parivesh.nic.in/dms/okm/downloadDocument?docTypemappingId=58989&refId=1212722823&refType=FC&uuid=113fe621-fc96-498b-a02b-15c398c055cb&version=1.0,0,https://parivesh.nic.in/newupgrade/#/report/ec?proposalId=1214913678,0.0,0.0
1220820281,"Regarding NOC for laying of 900mm (36”)i/d RCC NP-3 Pipe line for connection with main Storm Water Drainage Network at Sector-40C in Deemed Forest Area sector- 40 C, Chandigarh”.",New,FP/CH/Pipeline/571269/2026,2026-03-05T05:59:46.971+00:00,,Pending at State Secretary for Recommendation,0.0152,7.46,Municipal Corporation Chandigarh,,Forest clearance form,,,,"Regarding NOC for laying of 900mm (36”)i/d RCC NP-3 Pipe line for connection with main Storm Water Drainage Network at Sector-40C in Deemed Forest Area sector- 40 C, Chandigarh”.",CHANDIGARH,Chandigarh,CHANDIGARH,,,,Linear,0.0,0.0152,0.0152,0.0,0.0,0.0,0.0,0.0,0,0,0,NO,"Laying of 900 mm (36"")i/d RCC NP-3 pipe for disposal of storm water at Sector - 40/C, Chandigarh. The residents of the area have been facing severe inconvenience due to waterlogging during monsoons, which leads to damage to property and poses health hazards. By diverting the storm water flow, this proposal aims to provide relief to the residents and protect the surrounding environment.",NO,NO,NO,2026-04-09T18:30:00.000+00:00,,Degraded Forest Land,true,"Division No. 1, Sector 11 near Karuna Sadan , Chandigarh",,4,State Government (Department/Autonomous body),Executive Engineer W & E (P.H.1),,4,,Chandigarh,,https://parivesh.nic.in/dms/okm/downloadDocument?docTypemappingId=40829&refId=1218618872&refType=caf&uuid=acd03d77-88f7-4ab7-b7bb-07618716aa9b&version=1.0;https://parivesh.nic.in/dms/okm/downloadDocument?docTypemappingId=58989&refId=1218618872&refType=FC&uuid=32b3bf6c-1da0-4ee2-9668-5238cdd9cea0&version=1.1,0,https://parivesh.nic.in/newupgrade/#/report/ec?proposalId=1220820281,78.0,0.0
1222487313,"The proposed project will comprise of Booths, Asso. Office, Warehouse, Transport Area etc.",New,SIA/CH/INFRA2/573416/2026,2026-03-24T08:16:12.278+00:00,2026-04-06T12:07:49.877+00:00,Standard ToR Granted,33.18,2226.0,Estate Office,Eco Paryavaran Laboratories & Consultants Pvt. Ltd.  (formerly Eco Laboratories & Consultants Pvt. Ltd.),Environment clearance form,TOR,B1,Townships/ Area Development Projects / Rehabilitation Centres,Bulk Material Market by Estate Office Chandigarh,CHANDIGARH,Chandigarh,CHANDIGARH,,1/5/ED/2026/151,,Non - Linear,33.18,0.0,33.18,0.0,0.0,0.0,0.0,0.0,0,0,0,Not applicable as the project or activity is site specific,,NO,NO,NO,2026-04-01T11:49:54.875+00:00,,,,,,,,,,,,Chandigarh,,https://parivesh.nic.in/dms/okm/downloadDocument?docTypemappingId=40829&refId=1222480758&refType=caf&uuid=d1c6a891-0e69-41c3-a4f6-9f5e8c1ec75f&version=1.0,0,https://parivesh.nic.in/newupgrade/#/report/ec?proposalId=1222487313,7300.0,7300.0
1222704895,"The proposed project involves the establishment of a fruits, vegetables and grain market comprising of Auction sheds, SCO’s, Shops for Dhabas, Seed/fertilizer/pesticide and Bardana, Vendors Market, Offices for Marketing Board, Marketing committee, Bank, Sampark Centre, Sarai Night Shelter and plots for Cold storage, warehouse, Ripening Chamber along with Ancillary/Support services.",New,SIA/CH/INFRA2/573706/2026,2026-03-26T11:32:57.825+00:00,2026-07-24T13:42:36.584+00:00,EC Granted,30.01,23455.0,Chandigarh State Agriculture Marketing Board,Eco Paryavaran Laboratories & Consultants Pvt. Ltd.  (formerly Eco Laboratories & Consultants Pvt. Ltd.),Environment clearance form,TOR,B2,Building / Construction,"Proposed 2nd Fruit, Vegetable and Grain Market at Sector 39, Chandigarh by State Agricultural Marketing Board, U.T. Chandigarh",CHANDIGARH,Chandigarh,CHANDIGARH,,1/5/ED/2026/153,,Non - Linear,30.01,0.0,30.01,0.0,0.0,0.0,0.0,0.0,0,0,0,Not applicable as the project or activity is site specific,,NO,NO,NO,2026-04-02T12:24:38.069+00:00,,,,,,,,,,,,Chandigarh,,https://parivesh.nic.in/dms/okm/downloadDocument?docTypemappingId=40829&refId=1222368252&refType=caf&uuid=4e480af2-bbe8-4bec-bf7d-67e75d72872e&version=1.0,0,https://parivesh.nic.in/newupgrade/#/report/ec?proposalId=1222704895,7300.0,7300.0
1223014739,"Advanced Mother & Child Centre (Phase-I) By Post Graduate Institute of Medical Education & Research (PGIMER) at Sector 12, Chandigarh",New,SIA/CH/INFRA2/574160/2026,2026-03-31T06:02:10.113+00:00,2026-04-27T12:23:01.709+00:00,EC Granted,1.086,30300.0,POST GRADUATE INSTITUTE OF MEDICAL EDUCATION AND RESEARCH CHANDIGARH,Chandigarh Pollution Testing Laboratory –EIA Division,Application for amendment in ToR (for categories A & B1)/Amendment in EC (for category B2)- Form-3,OTHER,B2,Building / Construction,Advanced Mother & Child Centre (Phase-I) By Post Graduate Institute of Medical Education & Research (PGIMER),CHANDIGARH,Amritsar- II,BAL KALAN,,1/5/ED/2026/152,,Hybrid,1.086,0.0,1.086,0.0,0.0,0.0,0.0,0.0,0,0,0,NO,NA,NO,NO,NO,2026-03-31T09:03:09.052+00:00,,,,,,,,,,,,Amritsar,,https://parivesh.nic.in/dms/okm/downloadDocument?docTypemappingId=40829&refId=1223011431&refType=caf&uuid=e47a5891-f286-4c1c-ad8d-43a61a9fb584&version=1.0;https://parivesh.nic.in/dms/okm/downloadDocument?docTypemappingId=40829&refId=1223011432&refType=caf&uuid=1cb478ad-087c-4a2b-b1fd-010ac87dd833&version=1.0,37614,https://parivesh.nic.in/newupgrade/#/report/ec?proposalId=1223014739,1835.0,365020.0
1224603721,"The proposed project will comprise of Booths, Asso. Office, Warehouse, Transport Area etc.",New,SIA/CH/INFRA2/576040/2026,2026-04-17T08:15:10.700+00:00,,Pending at MS SEIAA,33.18,2226.0,Estate Office,,Environment clearance form,EC,B1,,Bulk Material Market by Estate Office Chandigarh,CHANDIGARH,Chandigarh,CHANDIGARH,,1/5/ED/2026/151,,Non - Linear,33.18,0.0,33.18,0.0,0.0,0.0,0.0,0.0,0,0,0,Not applicable as the project or activity is site specific,,NO,NO,NO,2026-04-24T10:43:44.295+00:00,Building or Construction projects or Area Development projects or Townships,,,,,,,,,,,Chandigarh,,https://parivesh.nic.in/dms/okm/downloadDocument?docTypemappingId=40829&refId=1222480758&refType=caf&uuid=d1c6a891-0e69-41c3-a4f6-9f5e8c1ec75f&version=1.0,0,https://parivesh.nic.in/newupgrade/#/report/ec?proposalId=1224603721,7300.0,7300.0
1227340486,"Expansion of Existing Common Bio- Medical Waste Management Treatment Facility (CBWTF) at Plot No. 182/9, Industrial Area, Phase 1, Chandigarh",Expansion,SIA/CH/INFRA2/578710/2026,2026-05-12T07:23:54.869+00:00,2026-07-05T06:58:10.147+00:00,Standard ToR Granted,0.5,1419.0,ALLIANCE ENVIROCARE COMPANY PRIVATE LIMITED,,Environment clearance form,TOR,B1,Bio-Medical Waste Treatment Facilities,"Expansion of Existing Common Bio- Medical Waste Management Treatment Facility (CBWTF) at Plot No. 182/9, Industrial Area, Phase 1, Chandigarh",CHANDIGARH,Chandigarh,CHANDIGARH,,1/5/ED/2026,Plot No 182/9,Linear,0.5,0.0,0.5,0.0,0.0,0.0,287.0,1132.0,0,0,0,NO,As the proposed project is site-specific and is proposed within the existing premises with available infrastructure and required connectivity.,NO,NO,NO,2026-05-29T12:06:21.678+00:00,,,,,,,,,,,,Chandigarh,Plot No 182/9,https://parivesh.nic.in/dms/okm/downloadDocument?docTypemappingId=40829&refId=1227261661&refType=caf&uuid=ef146337-1dc1-4038-bdd6-24fbe1fa608c&version=1.0,0,https://parivesh.nic.in/newupgrade/#/report/ec?proposalId=1227340486,735.0,381.0
1231643791,Commercial Complex Project.,Amendment,IA/CH/INFRA2/581771/2026,2026-06-10T09:27:25.134+00:00,,Proposal pulled back (withdrawn),0.447,1951.5,RSA MOTORS PRIVATE LIMITED,Shivalik Solid Waste Management Limited,Application for amendment in ToR (for categories A & B1)/Amendment in EC (for category B2)- Form-3,OTHER,B2,Building / Construction,Berkeley Square by M/s RSA Motors Pvt. Ltd.,CHANDIGARH,Chandigarh,CHANDIGARH,,,plot no 24 industrial area phase 1,Hybrid,0.447,0.0,0.447,0.0,0.0,0.0,0.0,0.0,0,0,0,NO,the project is already granted EC and is constructed. Currently project is going for amendment,NO,YES,NO,2026-06-12T11:44:07.592+00:00,,,,,,,,,,,,Chandigarh,plot no 24 industrial area phase 1,https://parivesh.nic.in/dms/okm/downloadDocument?docTypemappingId=40829&refId=1231616017&refType=caf&uuid=2af07a75-a354-42c2-8086-920b1e9dcfe0&version=1.0,0,https://parivesh.nic.in/newupgrade/#/report/ec?proposalId=1231643791,38325.0,655905.0
1240302960,Construction of residential quarters and multipurpose hall,New,SIA/CH/INFRA2/591342/2026,2026-09-07T04:53:23.263+00:00,,Under Verification,20.5135,52.033,"Indo Tibetan Border Police, Ministry of Home Affairs",Eco Paryavaran Laboratories & Consultants Pvt. Ltd.  (formerly Eco Laboratories & Consultants Pvt. Ltd.),Environment clearance form,TOR,B2,Building / Construction,"Indo-Tibetan Border Police (ITBP), Behlana Camp, Chandigarh",CHANDIGARH,Chandigarh,BAHLANA,,,"",Non - Linear,20.5135,0.0,20.5135,0.0,0.0,0.0,0.0,0.0,0,0,0,NO,NA,NO,NO,NO,2026-10-05T13:00:24.575+00:00,,,,,,,,,,,,Chandigarh,"",https://parivesh.nic.in/dms/okm/downloadDocument?docTypemappingId=40829&refId=1240301951&refType=caf&uuid=809f457c-e990-47ff-a20b-54dd369fcb03&version=1.0,40098,https://parivesh.nic.in/newupgrade/#/report/ec?proposalId=1240302960,3750.0,50.0
1243793908,,,FP/CH/WorkingPlan/593963/2026,2026-10-01T04:47:40.076+00:00,,Pending at Technical Officer - RO,,,,,Form G (Working Plan),,,,,CHANDIGARH,,,,,,,,,,,,,,,,,,,,,,,,,,,,,,,,,,,,,,,https://parivesh.nic.in/newupgrade/#/report/ec?proposalId=1243793908,,
